id;triggerType;triggerText;triggerReaction
0;equals;–¥–∞;–ø–∏–∑–¥–∞
1;equals;–ø–∏–∑–¥–∞;—á—É—Å–æ–≤–∞
2;equals;—á—É—Å–æ–≤–∞;–¥–∞
3;equals;–ª–∞–¥–Ω–æ;–≤ –æ—á–∫–µ –ø—Ä–æ—Ö–ª–∞–¥–Ω–æ
4;equals;–ø–∏–∑–¥–µ—Ü;–≤ –º–∞—Ç–∫–µ —É —Ç–µ–±—è –ø–∏–∑–¥–µ—Ü
6;equals;–ø–∑–¥—Ü;–≤ –º–∞—Ç–∫–µ —É —Ç–µ–±—è –ø–∑–¥—Ü
7;equals;—ç—Ç–æ –ø–∏–∑–¥–µ—Ü;—ç—Ç–æ –≤ –º–∞—Ç–∫–µ —É —Ç–µ–±—è –ø–∏–∑–¥–µ—Ü
9;contains;<@1030178488960958544>;–ú–º–º, –≥—Ä–∞—Å–ø–µ—Ñ—Ä—É–∫—Ç
10;contains;<@506753799352745984>;–û–Ω –≤–∫–∏–Ω—É–ª—Å—è –∑–∞–º–∞–∑–∫–æ–π, –ø–æ–¥–æ–∂–¥–∏—Ç–µ —á–∞—Å–∏–∫, –ø–æ–∫–∞ –µ–≥–æ –æ—Ç–ø—É—Å—Ç–∏—Ç
11;contains;<@802510814762369045>;–¢—Ä–∞–Ω—Å –Ω–µ —Å–ø–∏—Ç –Ω–æ—á—å—é, –Ω–æ —Å–ø–∏—Ç —É—Ç—Ä–æ–º, –≤—Å—ë —Ä–∞–≤–Ω–æ —Ç—Ä–∞–Ω—Å
12;contains;<@743132856175296565>;–ü–æ—Å–ª–µ —Ç–æ–≥–æ, –∫–∞–∫ –æ–Ω –ø–æ–ª–∏–∑–∞–ª –±–∏–æ–ª–æ–≥—É, –±–∏–æ–ª–æ–≥ –∫–æ–Ω—á–∏–ª –∏ —É–º–µ—Ä
13;contains;<@774214042604011560>;–ü—Ä–æ—Å–Ω–∏—Å—å, –≤–æ–ª–æ—Å–∞—Ç—ã–π —Ç—Ä–∞–Ω—Å
14;contains;@everyone;–ü—Ä–æ—Å—ã–ø–∞–µ–º—Å—è, —Ç—Ä–∞–Ω—Å—ã!
15;contains;<@1030813836141408358>;–ö—Ä—ã—Å–∞ –Ω–∞ –∑–∞–±–∏–≤–µ, –Ω–µ –ª–µ–∑—å –ø–æ–¥ —Ä—É–∫—É
16;contains;–±–æ—Ç—è—Ä–∞;–ü–æ—à–µ–ª –Ω–∞ e9f5ea
17;contains;—Ç—É–ø–æ–π –±–æ—Ç;–ú–∞–º–∞ —Ç–≤–æ—è f4f5f0efea20e2eff4
18;equals;—Ö—É–π;—É —á—É—Å–æ–≤–∞ –≤–æ —Ä—Ç—É –∏ –∂–æ–ø–µ
19;equals;—É —Ç–µ–±—è –≤–æ —Ä—Ç—É –∏ –∂–æ–ø–µ;–Ω–∏—Ç —É —Ç–µ–±—è—è—è–∞–∞–∞–∞–∞ üò°
20;equals;–∞—Ö –∞—Ö —è–º–µ—Ç–µ –∫—É–¥–∞—Å–∞–π;–Ø –ª—é–±–ª—é –∫–æ–≥–¥–∞ –≤–æ–ª–æ—Å–∞—Ç–∞—è –í–ª–∞–¥–∞ –æ–±–º–∞–∑—ã–≤–∞–µ—Ç—Å—è —Å–≤–æ–∏–º–∏ –±—Ä–∞—Ç—å—è–º–∏ –∏ —Å—ë—Å—Ç—Ä–∞–º–∏ (—Å–ø–µ—Ä–º–æ–π –ß—É—Å–æ–≤–∞) ü•µ
21;equals;1000-7;1000-7 993-7 986-7 979-7 972-7 965-7 958-7 951-7 944-7 937-7 930-7 923-7 916-7 909-7 902-7 895-7 888-7 881-7 874-7 867-7 860-7 853-7 846-7 839-7 832-7 825-7 818-7 811-7 804-7 797-7 790-7 783-7 776-7 769-7 762-7 755-7 748-7 741-7 734-7 727-7 720-7 713-7 706-7 699-7 692-7 685-7 678-7 671-7 664-7 657-7 650-7 643-7 636-7 629-7 622-7 615-7 608-7 601-7 594-7 587-7 580-7 573-7 566-7 559-7 552-7 545-7 538-7 531-7 524-7 517-7 510-7 503-7 496-7 489-7 482-7 475-7 468-7 461-7 454-7 447-7 440-7 433-7 426-7 419-7 412-7 405-7 398-7 391-7 384-7 377-7 370-7 363-7 356-7 349-7 342-7 335-7 328-7 321-7 314-7 307-7 300-7 293-7 286-7 279-7 272-7 265-7 258-7 251-7 244-7 237-7 230-7 223-7 216-7 209-7 202-7 195-7 188-7 181-7 174-7 167-7 160-7 153-7 146-7 139-7 132-7 125-7 118-7 111-7 104-7 97-7 90-7 83-7 76-7 69-7 62-7 55-7 48-7 41-7 34-7 27-7 20-7 13-7 6-7
22;equals;—è;–≥–æ–ª–æ–≤–∫–∞ –æ—Ç —Ö—É—è
23;equals;<@472911936951156740>;–Ø —Å—á–∏—Ç–∞—é, —á—Ç–æ —è –ª—É—á—à–µ –Ω–µ–≥–æ, –Ω–µ —Ç–∞–∫ –ª–∏ <@743132856175296565>?
24;equals;–æ–∫;—Ö—É—ë–∫
25;contains;<@1031095399521472522>;–æ—Ç—ä–µ–±–∏—Ç–µ—Å—å –æ—Ç –º–µ–Ω—è —Å—É–∫–∏
26;equals;—Ö–º–º–º;–µ–±–∞–Ω—ã–π –∂–∏—Ç–µ–ª—å –∏–∑ –º–∞–π–Ω–∫—Ä–∞—Ñ—Ç–∞ –ø—Ä–æ–¥–∞–π —Å–≤–æ–µ –æ—á–∫–æ –∑–∞ 2 –∏–∑—É–º—Ä—É–¥–∞
27;equals;–Ω–µ—Ç;–º–∏–Ω–µ—Ç
28;contains;—Ö—É–π–Ω—è;–º–∞–º–∞ —Ç–≤–æ—è —Ö—É–π–Ω—è
29;equals;—Ö—É—ë–∫;–æ–∫
30;equals;–¥–∞?;–ü–∏–∑–¥–∞.
31;contains;–ø—É—Ç–∏–Ω –ø—Ä–µ–∑–∏–¥–µ–Ω—Ç –º–∏—Ä–∞;https://www.youtube.com/watch?v=t-wFKNy0MZQ
32;contains;–ø—É—Ç–∏–Ω - –ø—Ä–µ–∑–∏–¥–µ–Ω—Ç –º–∏—Ä–∞;https://www.youtube.com/watch?v=t-wFKNy0MZQ
